{"sheetsById":{"ch3ending":{"staticOverrides":{"byObject":{"28":{"position":{"x":441.8873839356062,"y":24.16376776714653,"z":-516.6346373583899}},"car1_shader":{"uProgress":{"value":0},"position":{"x":-0.030181744404820243,"y":0.40121400094605786,"z":-3.5589680544071083}},"mountain":{"position":{"x":373.3980160289309,"y":14.65113441511108,"z":-532.5068304424906},"scale":{"x":1500,"y":50,"z":1}},"mountains2":{"scale":{"x":1500,"y":30,"z":1},"position":{"x":443.5167648398162,"y":16.85749524665166,"z":-516.6346373583899}},"mountains1":{"position":{"x":374.30298442880405,"y":13.318493633536754,"z":-532.5068304424906},"scale":{"x":1800,"y":50,"z":1}},"planet":{"position":{"x":260,"y":42.3,"z":-788.9277797756446},"scale":{"x":120,"y":120,"z":120}},"car_shadow":{"scale":{"x":5.9,"y":5.9,"z":5.9},"position":{"x":0.0030944044823892902,"y":0.03996796030649463,"z":-0.9979283840038038}},"mustang":{"position":{"x":0,"y":0.03,"z":-0.1392016414049584}},"mustang_shadow":{"position":{"z":-1.0242026055287354,"x":0.019818255595179773,"y":0.04}},"car2_shadow":{"rotation":{"x":-90,"y":0,"z":0},"scale":{"x":5.5,"y":5.5,"z":5.5},"position":{"x":0.174,"y":0.04,"z":-11.112107494504667}},"car3_shadow":{"scale":{"x":5.9,"y":7.6,"z":5.9},"rotation":{"x":-90,"y":0,"z":0},"position":{"x":0.05,"y":0.04,"z":-22.45}},"car4_shadow":{"rotation":{"x":-90,"y":0,"z":0},"scale":{"x":5.9,"y":5.9,"z":5.9},"position":{"y":0.04,"z":-33.49999999999999,"x":-0.31594910535066045}},"car2":{"position":{"z":-10.3}},"car3":{"position":{"z":-32.83707539310049,"x":-0.06349977543483981,"y":0}},"car4":{"position":{"z":-21.836168447133147,"x":-0.44017593218215983,"y":0}},"truck":{"position":{"x":5.696319545627165,"y":0.01,"z":-17.19968557046943}},"truck4":{"position":{"z":-15.649685570469432}},"truck_shadow":{"position":{"z":-17.368583368393903}}}},"sequence":{"subUnitsPerUnit":30,"length":10,"type":"PositionalSequence","tracksByObject":{"car1":{"trackData":{"Ech21VNEt_":{"type":"BasicKeyframedTrack","keyframes":[{"id":"JU-Y5iDxfM","position":0,"connectedRight":true,"handles":[0.5,1,0.5,0],"value":0},{"id":"gU57yoPqMb","position":2.967,"connectedRight":true,"handles":[0.5,1,0.5,0],"value":15}]}},"trackIdByPropPath":{"[\"position\",\"z\"]":"Ech21VNEt_"}},"car1_shader":{"trackData":{"sfURmzEAhN":{"type":"BasicKeyframedTrack","keyframes":[{"id":"PuiQIuhBPt","position":0,"connectedRight":true,"handles":[0.5,1,0.5,0],"value":0},{"id":"TWnlfV5s3U","position":2.933,"connectedRight":true,"handles":[0.5,1,0.5,0],"value":1}]}},"trackIdByPropPath":{"[\"uProgress\",\"value\"]":"sfURmzEAhN"}},"car2_shader":{"trackData":{"QQTudpqQ3x":{"type":"BasicKeyframedTrack","keyframes":[{"id":"xpXYE2r1TI","position":2.5,"connectedRight":true,"handles":[0.5,1,0.5,0],"value":0},{"id":"oNOJSc1pQ2","position":3.467,"connectedRight":true,"handles":[0.5,1,0.5,0],"value":1}]}},"trackIdByPropPath":{"[\"uProgress\",\"value\"]":"QQTudpqQ3x"}},"car2":{"trackData":{"8SXAM4LM8j":{"type":"BasicKeyframedTrack","keyframes":[{"id":"Vk5Ba3t5Xh","position":1.033,"connectedRight":true,"handles":[0.5,1,0.5,0],"value":-10.3},{"id":"uOlV-rzEif","position":7.667,"connectedRight":true,"handles":[0.5,1,0.5,0],"value":1.7},{"id":"Sdofqfuz9V","position":9.8,"connectedRight":true,"handles":[0.5,1,0.5,0],"value":-0.3}]}},"trackIdByPropPath":{"[\"position\",\"z\"]":"8SXAM4LM8j"}},"car3_shader":{"trackData":{"cK4d4_6TQ_":{"type":"BasicKeyframedTrack","keyframes":[{"id":"iDq3cufcZD","position":4.567,"connectedRight":true,"handles":[0.5,1,0.5,0],"value":0},{"id":"ZhnBuQJhhQ","position":5.567,"connectedRight":true,"handles":[0.5,1,0.5,0],"value":1}]}},"trackIdByPropPath":{"[\"uProgress\",\"value\"]":"cK4d4_6TQ_"}},"car3":{"trackData":{"CpB2mbPntT":{"type":"BasicKeyframedTrack","keyframes":[{"id":"b8j55WVbMQ","position":1.033,"connectedRight":true,"handles":[0.5,1,0.5,0],"value":-22.137075393100496},{"id":"7Zxs9bunb3","position":7.667,"connectedRight":true,"handles":[0.5,1,0.5,0],"value":-9.887075393100488}]}},"trackIdByPropPath":{"[\"position\",\"z\"]":"CpB2mbPntT"}},"car4_shader":{"trackData":{"saYG1nvt74":{"type":"BasicKeyframedTrack","keyframes":[{"id":"Lx060VsP09","position":7.7,"connectedRight":true,"handles":[0.5,1,0.5,0],"value":0},{"id":"FT0WXJu_Wv","position":8.8,"connectedRight":true,"handles":[0.5,1,0.5,0],"value":1}]}},"trackIdByPropPath":{"[\"uProgress\",\"value\"]":"saYG1nvt74"}},"car4":{"trackData":{"adiNWw4I9W":{"type":"BasicKeyframedTrack","keyframes":[{"id":"I7INMevKCH","position":1.033,"connectedRight":true,"handles":[0.5,1,0.5,0],"value":-32.83616844713315},{"id":"rhKoeuMsV7","position":7.667,"connectedRight":true,"handles":[0.5,1,0.5,0],"value":-20.83616844713315}]}},"trackIdByPropPath":{"[\"position\",\"z\"]":"adiNWw4I9W"}},"mustang":{"trackData":{"xjOLsH5Tg3":{"type":"BasicKeyframedTrack","keyframes":[{"id":"t93oD0XctH","position":1.033,"connectedRight":true,"handles":[0.5,1,0.5,0],"value":-0.1392016414049584},{"id":"NpCWKwjbbN","position":7.667,"connectedRight":true,"handles":[0.5,1,0.5,0],"value":11.861}]}},"trackIdByPropPath":{"[\"position\",\"z\"]":"xjOLsH5Tg3"}},"mustang_shadow":{"trackData":{"iVOgDHFFVK":{"type":"BasicKeyframedTrack","keyframes":[{"id":"hrkJ26Xbui","position":1.033,"connectedRight":true,"handles":[0.5,1,0.5,0],"value":-0.9742026055287355},{"id":"5vj1iRtuaE","position":7.667,"connectedRight":true,"handles":[0.5,1,0.5,0],"value":10.974202605528735}]}},"trackIdByPropPath":{"[\"position\",\"z\"]":"iVOgDHFFVK"}},"car2_shadow":{"trackData":{"wuBmKu60gN":{"type":"BasicKeyframedTrack","keyframes":[{"id":"ByhU7XQmVk","position":1.033,"connectedRight":true,"handles":[0.5,1,0.5,0],"value":-11.112107494504667},{"id":"FsqO898Blz","position":7.667,"connectedRight":true,"handles":[0.5,1,0.5,0],"value":0.79}]}},"trackIdByPropPath":{"[\"position\",\"z\"]":"wuBmKu60gN"}},"car3_shadow":{"trackData":{"GSNkHQ1WDG":{"type":"BasicKeyframedTrack","keyframes":[{"id":"nv6dkjbssh","position":1.033,"connectedRight":true,"handles":[0.5,1,0.5,0],"value":-23.299999999999997},{"id":"2Tizfr8LLk","position":7.667,"connectedRight":true,"handles":[0.5,1,0.5,0],"value":-11.149999999999999}]},"VkdPiVTV5n":{"type":"BasicKeyframedTrack","keyframes":[{"id":"nqVSsybAZx","position":1.033,"connectedRight":true,"handles":[0.5,1,0.5,0],"value":6.1},{"id":"uPDeeF1l79","position":5.1,"connectedRight":true,"handles":[0.5,1,0.5,0],"value":7.6}]}},"trackIdByPropPath":{"[\"position\",\"z\"]":"GSNkHQ1WDG","[\"scale\",\"y\"]":"VkdPiVTV5n"}},"car4_shadow":{"trackData":{"ASqDqcc1tH":{"type":"BasicKeyframedTrack","keyframes":[{"id":"TroLwI7YlW","position":1.033,"connectedRight":true,"handles":[0.5,1,0.5,0],"value":-33.49999999999999},{"id":"8euh8aLxy1","position":7.667,"connectedRight":true,"handles":[0.5,1,0.5,0],"value":-21.49999999999999}]}},"trackIdByPropPath":{"[\"position\",\"z\"]":"ASqDqcc1tH"}}}}}},"definitionVersion":"0.4.0","revisionHistory":["pp3Q43d2D9MwB4bM","XFVqjTbKHH3of9-8","TGod94LsWu25OyeU","EyInt3JOry0RWkhd","cDy5UmGBED1ODOLS","s1uanLgNqhRRVmKK","KeAq7aMq7L_u6Wx8","eNStxv1q-qGZ_1_Y","10NC08op0uvz8sfp","_jMoW-luudneCxcF","D2WSPwY7QyAYB4c3","OFoQeL7PtSwtRDJg","PCfg7XW2D5aHMEPu","SrWMN7woXF7cktOX","nrRGXu_jeQWCEajD","HMxYM95rY2D4Fvfy","GXxPq-Pjo1BwAB94","pN_m7aL3FemRFBf-","PU8eZsguR7clFKSP","k0teQkbV4C8yGOcq","xLDlIk0q07ww3_0y","Her-wiiFRDjx_bu8","xc6Ip7iTM28sZoZR","XHRRpOxA1ml6BR-Y","RIy01c9h3UAmYiMX","sldBIC8aUZbDiHki","ABLsiSukt6K2l592","tf6KWSc5hsbbTJAZ","A4R0cPlfMJFSpy70","MB2I9oqcHEmywmuY","WC0g3V2eX8vnY1S1","Uwe81PMUgzO1Twd6","tK0vI2XAMKAFpq2G","t4AzwMPUIRwlDVgX","BaLqBLtt4VcyAjEY","NZv8s2GTOXz_AHSt","gLfd8lt5Oej0okzx","iGYUuRJ7z1wW5ONI","AmjI-qACVZefi3hI","tBt_CinbQGyKyjEi","llQWfUAMR0dv4tW8","xuFDK9F691olaApX","K3ZA0-XaaYMPo3tM","MfEUZlA4kzhwciKX","4n-BT5ffGeXqtrUY","f8joMF6RdrB0zeDd","K2PEEQ1rtJpABug-","1tnCuLiA3RNBz5Nl","f_SvjzmhMqERZ5K0","crHuACLIAvFgJgvd"]}