{
	"position": [-0.038,0.067,-0.88,-0.113,0.057,-0.91,-0.11,0.5,-0.99,-0.224,-0.219,-1.019,-0.238,-0.421,-0.972,-0.5,-0.407,-1.113,-0.113,0.057,-0.91,-0.213,0.044,-1.019,-0.206,0.5,-1.019,0.5,0.12,-1.113,0.144,0.09,-1.019,0.142,0.5,-1.019,-0.025,-0.177,-0.88,-0.038,0.067,-0.88,0.144,0.09,-1.019,-0.009,-0.419,-0.802,-0.025,-0.177,-0.88,0.17,-0.136,-1.019,-0.213,0.044,-1.019,-0.224,-0.219,-1.019,-0.5,-0.217,-1.113,0.225,-0.42,-0.909,0.17,-0.136,-1.019,0.5,-0.106,-1.113,0.17,-0.136,-1.019,0.144,0.09,-1.019,0.5,0.12,-1.113,-0.206,0.5,-1.019,-0.213,0.044,-1.019,-0.5,0.041,-1.113,0.144,0.09,-1.019,-0.038,0.067,-0.88,-0.026,0.5,-1.019,-0.113,0.057,-0.91,-0.038,0.067,-0.88,-0.025,-0.177,-0.88,-0.118,-0.196,-0.915,-0.025,-0.177,-0.88,-0.009,-0.419,-0.802,-0.213,0.044,-1.019,-0.113,0.057,-0.91,-0.118,-0.196,-0.915,-0.224,-0.219,-1.019,-0.118,-0.196,-0.915,-0.123,-0.42,-0.842,-0.026,0.5,-1.019,-0.038,0.067,-0.88,-0.11,0.5,-0.99,-0.5,-0.217,-1.113,-0.224,-0.219,-1.019,-0.5,-0.407,-1.113,-0.11,0.5,-0.99,-0.113,0.057,-0.91,-0.206,0.5,-1.019,0.5,0.5,-1.113,0.5,0.12,-1.113,0.142,0.5,-1.019,0.17,-0.136,-1.019,-0.025,-0.177,-0.88,0.144,0.09,-1.019,0.225,-0.42,-0.909,-0.009,-0.419,-0.802,0.17,-0.136,-1.019,-0.5,0.041,-1.113,-0.213,0.044,-1.019,-0.5,-0.217,-1.113,0.5,-0.388,-1.113,0.225,-0.42,-0.909,0.5,-0.106,-1.113,0.5,-0.106,-1.113,0.17,-0.136,-1.019,0.5,0.12,-1.113,-0.5,0.5,-1.113,-0.206,0.5,-1.019,-0.5,0.041,-1.113,0.142,0.5,-1.019,0.144,0.09,-1.019,-0.026,0.5,-1.019,-0.118,-0.196,-0.915,-0.113,0.057,-0.91,-0.025,-0.177,-0.88,-0.123,-0.42,-0.842,-0.118,-0.196,-0.915,-0.009,-0.419,-0.802,-0.224,-0.219,-1.019,-0.213,0.044,-1.019,-0.118,-0.196,-0.915,-0.238,-0.421,-0.972,-0.224,-0.219,-1.019,-0.123,-0.42,-0.842],
	"uv": [0.46175,0.56683,0.38709,0.55721,0.38972,1.0,0.2757,0.28142,0.26192,0.07917,0.0,0.09348,0.38709,0.55721,0.28678,0.54429,0.29381,1.0,1.0,0.61994,0.64417,0.59034,0.64171,1.0,0.47466,0.32314,0.46175,0.56683,0.64417,0.59034,0.49119,0.08143,0.47466,0.32314,0.66963,0.36402,0.28678,0.54429,0.2757,0.28142,0.0,0.28309,0.72518,0.07955,0.66963,0.36402,1.0,0.39443,0.66963,0.36402,0.64417,0.59034,1.0,0.61994,0.29381,1.0,0.28678,0.54429,0.0,0.54143,0.64417,0.59034,0.46175,0.56683,0.47389,1.0,0.38709,0.55721,0.46175,0.56683,0.47466,0.32314,0.38243,0.3038,0.47466,0.32314,0.49119,0.08143,0.28678,0.54429,0.38709,0.55721,0.38243,0.3038,0.2757,0.28142,0.38243,0.3038,0.37711,0.08031,0.47389,1.0,0.46175,0.56683,0.38972,1.0,0.0,0.28309,0.2757,0.28142,0.0,0.09348,0.38972,1.0,0.38709,0.55721,0.29381,1.0,1.0,1.0,1.0,0.61994,0.64171,1.0,0.66963,0.36402,0.47466,0.32314,0.64417,0.59034,0.72518,0.07955,0.49119,0.08143,0.66963,0.36402,0.0,0.54143,0.28678,0.54429,0.0,0.28309,1.0,0.11214,0.72518,0.07955,1.0,0.39443,1.0,0.39443,0.66963,0.36402,1.0,0.61994,0.0,1.0,0.29381,1.0,0.0,0.54143,0.64171,1.0,0.64417,0.59034,0.47389,1.0,0.38243,0.3038,0.38709,0.55721,0.47466,0.32314,0.37711,0.08031,0.38243,0.3038,0.49119,0.08143,0.2757,0.28142,0.28678,0.54429,0.38243,0.3038,0.26192,0.07917,0.2757,0.28142,0.37711,0.08031],
	"normal": [-0.163,-0.156,-0.974,0.491,-0.054,-0.87,0.126,-0.216,-0.968,0.556,-0.121,-0.823,0.604,-0.216,-0.767,0.392,-0.115,-0.913,0.491,-0.054,-0.87,0.535,-0.01,-0.845,0.421,-0.048,-0.906,-0.261,-0.008,-0.965,-0.387,-0.062,-0.92,-0.172,-0.001,-0.985,-0.108,-0.119,-0.987,-0.163,-0.156,-0.974,-0.387,-0.062,-0.92,-0.052,-0.344,-0.937,-0.108,-0.119,-0.987,-0.379,-0.2,-0.904,0.535,-0.01,-0.845,0.556,-0.121,-0.823,0.321,-0.005,-0.947,-0.413,-0.269,-0.87,-0.379,-0.2,-0.904,-0.376,-0.133,-0.917,-0.379,-0.2,-0.904,-0.387,-0.062,-0.92,-0.261,-0.008,-0.965,0.421,-0.048,-0.906,0.535,-0.01,-0.845,0.311,-0.002,-0.95,-0.387,-0.062,-0.92,-0.163,-0.156,-0.974,-0.305,-0.179,-0.935,0.491,-0.054,-0.87,-0.163,-0.156,-0.974,-0.108,-0.119,-0.987,0.549,-0.141,-0.824,-0.108,-0.119,-0.987,-0.052,-0.344,-0.937,0.535,-0.01,-0.845,0.491,-0.054,-0.87,0.549,-0.141,-0.824,0.556,-0.121,-0.823,0.549,-0.141,-0.824,0.6,-0.254,-0.759,-0.305,-0.179,-0.935,-0.163,-0.156,-0.974,0.126,-0.216,-0.968,0.321,-0.005,-0.947,0.556,-0.121,-0.823,0.392,-0.115,-0.913,0.126,-0.216,-0.968,0.491,-0.054,-0.87,0.421,-0.048,-0.906,-0.255,0.0,-0.967,-0.261,-0.008,-0.965,-0.172,-0.001,-0.985,-0.379,-0.2,-0.904,-0.108,-0.119,-0.987,-0.387,-0.062,-0.92,-0.413,-0.269,-0.87,-0.052,-0.344,-0.937,-0.379,-0.2,-0.904,0.311,-0.002,-0.95,0.535,-0.01,-0.845,0.321,-0.005,-0.947,-0.596,0.0,-0.803,-0.413,-0.269,-0.87,-0.376,-0.133,-0.917,-0.376,-0.133,-0.917,-0.379,-0.2,-0.904,-0.261,-0.008,-0.965,0.307,0.0,-0.952,0.421,-0.048,-0.906,0.311,-0.002,-0.95,-0.172,-0.001,-0.985,-0.387,-0.062,-0.92,-0.305,-0.179,-0.935,0.549,-0.141,-0.824,0.491,-0.054,-0.87,-0.108,-0.119,-0.987,0.6,-0.254,-0.759,0.549,-0.141,-0.824,-0.052,-0.344,-0.937,0.556,-0.121,-0.823,0.535,-0.01,-0.845,0.549,-0.141,-0.824,0.604,-0.216,-0.767,0.556,-0.121,-0.823,0.6,-0.254,-0.759]
}