{"random": {"buffer": [0, 22.914161682128906, 0.9287887811660767, 1.2590017318725586, 0, 22.938060760498047, 0.1505810022354126, -1.2188324928283691, 0, 22.046627044677734, 1.7865070104599, -0.21438007056713104, 0, 20.497350692749023, -0.1702214479446411, -1.6076016426086426, 0, 19.671714782714844, -0.42531147599220276, -1.7526929378509521, 0, 15.895450592041016, 1.7374444007873535, -0.8930599689483643, 0, 25.189136505126953, 1.1037055253982544, 0.5703438520431519, 0, 23.095258712768555, 0.4478568136692047, -0.4956783950328827, 0, 20.712879180908203, -1.3644214868545532, -0.5838977098464966, 0, 20.50164222717285, -0.9661991596221924, -0.08008202910423279, 0, 16.653100967407227, 0.4658087193965912, -1.6139190196990967, 0, 21.34585952758789, 1.0714086294174194, -1.139402985572815, 0, 18.509958267211914, -0.41449853777885437, -1.6635181903839111, 0, 16.555011749267578, -0.620772123336792, 0.8548216819763184, 0, 21.17782974243164, 1.8916600942611694, -0.6396217942237854, 0, 17.688817977905273, -0.657808244228363, 0.6958019733428955, 0, 19.27109146118164, -0.04168383777141571, 0.9933006763458252, 0, 22.033926010131836, -0.9901610612869263, -1.4685744047164917, 0, 15.707951545715332, -0.008716464042663574, -1.2171053886413574, 0, 23.444955825805664, -0.7853041887283325, 0.687238335609436, 0, 24.067880630493164, 0.3854174315929413, 0.31404170393943787, 0, 20.838176727294922, 0.3461921811103821, 0.793926477432251, 0, 19.10527801513672, 1.605696439743042, 0.6308237314224243, 0, 18.74306297302246, 1.4334577322006226, -0.2194981724023819], "components": 4}, "scale": {"buffer": [0.04500000178813934, 0.04500000178813934, 0.04500000178813934, 0.04500000178813934, 0.04500000178813934, 0.04500000178813934, 0.04500000178813934, 0.04500000178813934, 0.04500000178813934, 0.04500000178813934, 0.04500000178813934, 0.04500000178813934, 0.04500000178813934, 0.04500000178813934, 0.04500000178813934, 0.04500000178813934, 0.04500000178813934, 0.04500000178813934, 0.04500000178813934, 0.04500000178813934, 0.04500000178813934, 0.04500000178813934, 0.04500000178813934, 0.04500000178813934, 0.04500000178813934, 0.04500000178813934, 0.04500000178813934, 0.04500000178813934, 0.04500000178813934, 0.04500000178813934, 0.04500000178813934, 0.04500000178813934, 0.04500000178813934, 0.04500000178813934, 0.04500000178813934, 0.04500000178813934, 0.04500000178813934, 0.04500000178813934, 0.04500000178813934, 0.04500000178813934, 0.04500000178813934, 0.04500000178813934, 0.04500000178813934, 0.04500000178813934, 0.04500000178813934, 0.04500000178813934, 0.04500000178813934, 0.04500000178813934, 0.04500000178813934, 0.04500000178813934, 0.04500000178813934, 0.04500000178813934, 0.04500000178813934, 0.04500000178813934, 0.04500000178813934, 0.04500000178813934, 0.04500000178813934, 0.04500000178813934, 0.04500000178813934, 0.04500000178813934, 0.04500000178813934, 0.04500000178813934, 0.04500000178813934, 0.04500000178813934, 0.04500000178813934, 0.04500000178813934, 0.04500000178813934, 0.04500000178813934, 0.04500000178813934, 0.04500000178813934, 0.04500000178813934, 0.04500000178813934], "components": 3}, "offset": {"buffer": [22.6263, 1.0791, 0.9311, 23.0335, 0.3335, -1.5289, 22.1594, 1.5476, -0.2867, 20.3887, 0.2497, -1.3979, 19.3781, -0.0064, -1.4312, 16.1385, 1.4183, -0.5087, 24.934, 1.1493, 0.9812, 23.1885, 0.7616, -0.5658, 20.785, -1.2497, -0.7078, 19.8838, -1.2093, 0.3258, 17.0122, 0.4365, -1.4269, 21.3114, 1.0338, -1.2117, 18.586, -0.8343, -1.1718, 16.9833, -0.4431, 0.6495, 20.6707, 1.5119, -0.583, 17.517, -0.913, 0.8916, 19.2454, -0.27, 1.163, 21.8723, -0.9155, -1.0345, 15.7121, -0.294, -1.099, 22.9608, -0.9364, 0.5607, 24.2096, 0.3389, 0.0464, 20.8777, -0.136, 0.9592, 18.6112, 1.4849, 0.4623, 18.796, 1.5431, -0.3555], "components": 3}, "orientation": {"buffer": [0.0, 0.0, 0.0, 0.0, 0.0, 0.0, 0.0, 0.0, 0.0, 0.0, 0.0, 0.0, 0.0, 0.0, 0.0, 0.0, 0.0, 0.0, 0.0, 0.0, 0.0, 0.0, 0.0, 0.0, 0.0, 0.0, 0.0, 0.0, 0.0, 0.0, 0.0, 0.0, 0.0, 0.0, 0.0, 0.0, 0.0, 0.0, 0.0, 0.0, 0.0, 0.0, 0.0, 0.0, 0.0, 0.0, 0.0, 0.0, 0.0, 0.0, 0.0, 0.0, 0.0, 0.0, 0.0, 0.0, 0.0, 0.0, 0.0, 0.0, 0.0, 0.0, 0.0, 0.0, 0.0, 0.0, 0.0, 0.0, 0.0, 0.0, 0.0, 0.0, 0.0, 0.0, 0.0, 0.0, 0.0, 0.0, 0.0, 0.0, 0.0, 0.0, 0.0, 0.0, 0.0, 0.0, 0.0, 0.0, 0.0, 0.0, 0.0, 0.0, 0.0, 0.0, 0.0, 0.0], "components": 4}}