{"random": {"buffer": [0, 2.516432046890259, -1.1615556478500366, -0.6542168855667114, 0, 2.5964455604553223, -0.9534810781478882, -0.6335443258285522, 0, 2.2284374237060547, -0.7760721445083618, -1.0355594158172607, 0, 1.5945014953613281, -0.7434854507446289, -0.9458824396133423, 0, 2.8821938037872314, -1.019149899482727, -0.4952075183391571, 2, 2.1563313007354736, -0.9257309436798096, -0.6596487760543823, 2, 2.3585548400878906, -0.7912095785140991, -0.8031399846076965, 2, 2.4385972023010254, -1.014787197113037, -0.5870410203933716, 2, 2.4138848781585693, -0.8708036541938782, -0.5498731732368469, 2, 1.8269684314727783, -0.8794863820075989, -0.5751367807388306, 2, 1.9506440162658691, -0.6479984521865845, -0.5095941424369812, 2, 1.3029465675354004, -0.46342983841896057, -0.6624460220336914, 2, 1.2532052993774414, -0.5975242257118225, -0.707359790802002, 2, 3.0050106048583984, -0.930079460144043, -0.4728277325630188, 2, 3.0665249824523926, -0.7285916805267334, -0.6382539868354797, 0, 2.2417962551116943, -0.8094207644462585, -0.3672995865345001, 0, 1.712097406387329, -0.6217256188392639, -0.4649040997028351, 0, 1.704193353652954, -0.340217262506485, -0.70661461353302, 0, 1.7032063007354736, -0.5766366124153137, -0.2025996446609497, 0, 2.6813223361968994, -0.5131224393844604, -0.7415467500686646, 0, 2.4590089321136475, -1.0170321464538574, -0.7601354718208313, 1, 2.084981918334961, -0.39667585492134094, -0.5405510067939758, 1, 1.5008386373519897, -0.5385470986366272, -0.5762941837310791, 1, 2.4774110317230225, -0.8798024654388428, -0.6100534200668335], "components": 4}, "scale": {"buffer": [0.04500000178813934, 0.04500000178813934, 0.04500000178813934, 0.04500000178813934, 0.04500000178813934, 0.04500000178813934, 0.04500000178813934, 0.04500000178813934, 0.04500000178813934, 0.04500000178813934, 0.04500000178813934, 0.04500000178813934, 0.04500000178813934, 0.04500000178813934, 0.04500000178813934, 0.035999998450279236, 0.035999998450279236, 0.035999998450279236, 0.035999998450279236, 0.035999998450279236, 0.035999998450279236, 0.035999998450279236, 0.035999998450279236, 0.035999998450279236, 0.035999998450279236, 0.035999998450279236, 0.035999998450279236, 0.035999998450279236, 0.035999998450279236, 0.035999998450279236, 0.035999998450279236, 0.035999998450279236, 0.035999998450279236, 0.035999998450279236, 0.035999998450279236, 0.035999998450279236, 0.035999998450279236, 0.035999998450279236, 0.035999998450279236, 0.035999998450279236, 0.035999998450279236, 0.035999998450279236, 0.035999998450279236, 0.035999998450279236, 0.035999998450279236, 0.04500000178813934, 0.04500000178813934, 0.04500000178813934, 0.04500000178813934, 0.04500000178813934, 0.04500000178813934, 0.04500000178813934, 0.04500000178813934, 0.04500000178813934, 0.04500000178813934, 0.04500000178813934, 0.04500000178813934, 0.04500000178813934, 0.04500000178813934, 0.04500000178813934, 0.04500000178813934, 0.04500000178813934, 0.04500000178813934, 0.04500000178813934, 0.04500000178813934, 0.04500000178813934, 0.04500000178813934, 0.04500000178813934, 0.04500000178813934, 0.04500000178813934, 0.04500000178813934, 0.04500000178813934], "components": 3}, "offset": {"buffer": [2.2266, -0.8359, -0.6496, 2.5143, -0.9217, -0.5417, 2.0354, -0.6488, -0.5346, 1.3948, -0.4709, -0.6528, 2.9664, -0.876, -0.5871, 2.1827, -0.853, -0.6858, 2.1996, -0.8144, -0.6012, 2.4939, -0.9726, -0.5645, 2.4721, -0.8814, -0.5529, 2.0151, -0.6931, -0.5686, 2.0085, -0.5998, -0.5548, 1.4008, -0.5285, -0.666, 1.3442, -0.4539, -0.6787, 2.9287, -0.9057, -0.552, 2.9333, -0.8554, -0.6319, 2.0554, -0.7351, -0.7074, 2.0777, -0.6839, -0.5954, 1.5335, -0.5943, -0.5672, 1.5046, -0.4736, -0.5519, 2.4053, -0.8815, -0.6689, 2.3965, -0.7581, -0.6506, 2.0666, -0.7095, -0.6514, 1.5191, -0.534, -0.5596, 2.4009, -0.8198, -0.6597], "components": 3}, "orientation": {"buffer": [0.0, 0.0, 0.0, 0.0, 0.0, 0.0, 0.0, 0.0, 0.0, 0.0, 0.0, 0.0, 0.0, 0.0, 0.0, 0.0, 0.0, 0.0, 0.0, 0.0, 0.0, 0.0, 0.0, 0.0, 0.0, 0.0, 0.0, 0.0, 0.0, 0.0, 0.0, 0.0, 0.0, 0.0, 0.0, 0.0, 0.0, 0.0, 0.0, 0.0, 0.0, 0.0, 0.0, 0.0, 0.0, 0.0, 0.0, 0.0, 0.0, 0.0, 0.0, 0.0, 0.0, 0.0, 0.0, 0.0, 0.0, 0.0, 0.0, 0.0, 0.0, 0.0, 0.0, 0.0, 0.0, 0.0, 0.0, 0.0, 0.0, 0.0, 0.0, 0.0, 0.0, 0.0, 0.0, 0.0, 0.0, 0.0, 0.0, 0.0, 0.0, 0.0, 0.0, 0.0, 0.0, 0.0, 0.0, 0.0, 0.0, 0.0, 0.0, 0.0, 0.0, 0.0, 0.0, 0.0], "components": 4}}