{
	"position": [-8.647,-2.141,-4.674,-8.647,-2.141,-23.47,10.149,-2.141,-4.674,10.149,-2.141,-4.674,-8.647,-2.141,-23.47,38.294,-2.141,-23.47,10.149,-2.141,-4.674,38.294,-2.141,-23.47,38.294,-2.141,-4.674],
	"uv": [0.0,0.59958,0.0,1.0,0.40042,0.59958,0.40042,0.59958,0.0,1.0,1.0,1.0,0.40042,0.59958,1.0,1.0,1.0,0.59958],
	"normal": [-0.0,-1.0,0.0,-0.0,-1.0,0.0,-0.0,-1.0,0.0,-0.0,-1.0,0.0,-0.0,-1.0,0.0,-0.0,-1.0,0.0,-0.0,-1.0,0.0,-0.0,-1.0,0.0,-0.0,-1.0,0.0]
}